,subreddit,created_at,downvote,score,selftext,title,upvote,upvote_ratio
0,learnpython,,,,,,,
1,learnpython,,,,,,,
2,learnpython,,,,,,,
3,learnpython,,,,,,,
4,learnpython,,,,,,,
5,learnpython,,,,,,,
6,learnpython,,,,,,,
7,learnpython,,,,,,,
8,learnpython,,,,,,,
9,learnpython,,,,,,,
10,learnpython,,,,,,,
11,learnpython,,,,,,,
12,learnpython,,,,,,,
13,learnpython,,,,,,,
14,learnpython,,,,,,,
15,learnpython,,,,,,,
16,learnpython,,,,,,,
17,learnpython,,,,,,,
18,learnpython,,,,,,,
19,learnpython,,,,,,,
20,learnpython,,,,,,,
21,learnpython,,,,,,,
22,learnpython,,,,,,,
23,learnpython,,,,,,,
24,learnpython,,,,,,,
25,learnpython,,,,,,,
26,learnpython,,,,,,,
27,learnpython,,,,,,,
28,learnpython,,,,,,,
29,learnpython,,,,,,,
30,learnpython,,,,,,,
31,learnpython,,,,,,,
32,learnpython,,,,,,,
33,learnpython,,,,,,,
34,learnpython,,,,,,,
35,learnpython,,,,,,,
36,learnpython,,,,,,,
37,learnpython,,,,,,,
38,learnpython,,,,,,,
39,learnpython,,,,,,,
40,learnpython,,,,,,,
41,learnpython,,,,,,,
42,learnpython,,,,,,,
43,learnpython,,,,,,,
44,learnpython,,,,,,,
45,learnpython,,,,,,,
46,learnpython,,,,,,,
47,learnpython,,,,,,,
48,learnpython,,,,,,,
49,learnpython,,,,,,,
50,learnpython,,,,,,,
51,learnpython,,,,,,,
52,learnpython,2021-08-30,0.0,7.0,"Welcome to another /r/learnPython weekly ""Ask Anything\* Monday"" thread

Here you can ask all the questions that you wanted to ask but didn't feel like making a new thread.

\* It's primarily intended for simple questions but as long as it's about python it's allowed.

If you have any suggestions or questions about this thread use the message the moderators button in the sidebar.

**Rules:**

* Don't downvote stuff - instead explain what's wrong with the comment, if it's against the rules ""report"" it and it will be dealt with.
* Don't post stuff that doesn't have absolutely anything to do with python.
* Don't make fun of someone for not knowing something, insult anyone etc - this will result in an immediate ban.

That's it.",Ask Anything Monday - Weekly Thread,7.0,1.0
53,learnpython,2021-09-01,0.0,386.0,"I finally managed to make my first program in python! So happy right now, it cost a lot of frustration, uncertainty and learning but now it works.

It's just a simple program to create a new project folder at work every time a new project starts. But I wanted it to  also place the necessary files in the folders with the corresponding project name, be simple to use by work-colleagues through a GUI and be available as an exe program for said colleagues.

Am looking forward to decide my next automation project.

Some tips for fellow beginners: What helped me was starting simple and then expand what the script does. So first I created a script that creates new folders. Then those folders have to be renamed based on user input. Next step was also copying some files from other locations, place those in the right folders and rename the files etc...

Google is your friend!

Edit: I used [pysimplegui](https://pysimplegui.readthedocs.io/en/latest/) as GUI",I did it! Finally made my first program for work :),386.0,0.98
54,learnpython,2021-09-02,0.0,5.0,"I want to multiply two lists by a point without using NumPy.

I did this with while, which I think is right.

    a = [1,2,3]
    b = [4,5,6]
    x = []
    i = 0
    while i &lt; len(a):
        x.append(a[i] * b[i])
        i += 1
    print(x)

Output :  \[4, 10, 18\]

&amp;#x200B;

**But with for?**",I want to multiply two lists by a point without using NumPy,5.0,0.86
55,learnpython,2021-09-02,0.0,16.0,"I am making a stock ticker using a raspberry pi, e-paper display, and python. Basically, every 10 minutes it'll grab the stock price from yahoo stocks then update the e-paper display with the new price.

Basically, I'm not sure what the best way is to keep the script always running. Is the best way to just throw the whole thing in a while loop with a time.sleep(10) at the end of the desired instructions?",How to make a script that doesn't end?,16.0,0.88
56,learnpython,2021-09-02,0.0,4.0,"so basically im trying to make a program which does 3 things

1.login me into my uni web portal

2.send morning to my friend on discord(web)

3.sending a message(picture) to a friend on whatsapp

i want to add more features in the furture but im stuck i have been able to achieve the login part but im failing to achieve the other 2.  


im using selenium.",need help in automating my online learning (selenium),4.0,1.0
57,learnpython,2021-09-02,0.0,10.0,Any guidance about how to make a guessing game including a guess counter without calling in random? Newbie on my first assignment here- thx for the help,Guessing game without importing random,10.0,0.87
58,learnpython,2021-09-02,0.0,10.0,"The term ""members"" of a class is ambiguous to me. Could someone provide a complete defintion of what constitutes being a member of a class and what does not? For instance,  are the following considered to be members of the class or not?:

* methods defined within the class block
* class attributes
* instance attributes defined in the constructor
* instance variables (attributes) defined in ad-hoc manner outside the class block
* the instances themselves
* anything else that I missed or wrongly included?",What does members of a class mean? In OOP,10.0,0.92
59,learnpython,2021-09-02,0.0,7.0,"Right now I have code to preform a specific action(which is sending a email), but I would like it to repeat this action at the same time every day. I’ve been looking into time but I’ve been confused by what I’ve seen, how would you recommend accomplishing this?",How would I schedule an action for a specific time of day?,7.0,0.83
60,learnpython,2021-09-02,0.0,4.0,I’ve been wanting to get a little more experience with coding and I found a great opportunity for my job to help save myself time. I want to make a bot or something to use the list of provided links and check all of those websites for specific words. Hopefully it would then post or screenshot what it finds back into an excel file or something. Any help as to what I should use/do?,Help with web bot,4.0,0.84
61,learnpython,2021-09-02,0.0,2.0,"Hi, how to add to numbers in string?
Which method should I use?",Question about string,2.0,0.67
62,learnpython,2021-09-02,0.0,2.0,"I know the title sounds confusing.  I got downvoted over at stackoverflow so I want to ask you guys for advice..

I have two separate csv files that I am extracting data from.

csv1:

&amp;#x200B;

|numbers|name|
|:-|:-|
|345|abc|
|123|def|
|95|abe|

csv2:

&amp;#x200B;

|numbers|
|:-|
|345|
|123|
|12341234|

&amp;#x200B;

Both csvs have a 'numbers' a column, but csv 1 has another column called 'name' while csv 2 only has a 'numbers' column.

The code does what i want it to do in the beginning, which is to output a list of matching numbers that are in both CSVs.  

So the output I get from above is: \[345,123\] since both columns have the matching numbers.

BUT I am having trouble figuring out getting the names from CSV 1 along with the matching numbers in the output.  Does this make sense? 

Since there are thousands of numbers, the code should output the matching numbers and automatically get the names from csv 1...

&amp;#x200B;

I am sorry, if this doesn't make sense.. But please help?",Help with this csv..How can I get the value next to the cells?,2.0,0.61
63,learnpython,2021-09-02,0.0,3.0,"I was doing a code wars problem and I didn't think that the number 1 solution should work but it does.

Bassically if I write:

    x = '1'
    &gt;&gt;&gt; x[-4:]

This code will return `1`. But how can it start at -4 when it is only 1 character long? This doesn't work for lists?

Thanks in advance",Why does this not get an 'index out of range' error?,3.0,0.81
64,learnpython,2021-09-02,0.0,1.0,"In order to make things clearer, let's say I have project A. Project A requires PyTorch version X. Now I want to use PyTorch version Y. PyTorch version Y is newer than version X. How do I test that project A still works with PyTorch version Y without running the project? And project I mean github repos which are published by AI/ML researchers.

A little background about me: I mostly use Python 3 for deep learning, machine learning with Tensorflow, PyTorch, Conda....",How do I check if a project's code is still compatible with a certain version of a package?,1.0,1.0
65,learnpython,2021-09-02,0.0,3.0,"I want to wrote a program that generates random combinations of words, I want the program to end once it hits a certain word combination like pizzahand but idk how to call for the output, like put it in an if statement. Everything else works I just want to know how to make it stop once it hits the desired word combo",Using output in code?,3.0,0.81
66,learnpython,2021-09-02,0.0,1.0,"How do I get a variable from ClassA to ClassB?
Example:

    ClassA():
        def func():
            Var = '1'

    ClassB():
        def func2():
            #I need the variable here

Any suggestions appreciated!
Python 3.9
Pycharm",How to get var from other class?,1.0,1.0
67,learnpython,2021-09-02,0.0,1.0," 

Hello,

Currently I am working on a project where 2 robots are placed on a floor, a master is communicating with the nodes, and the master is communicating with a PC. The PC is connected to a webcam which looks over the 2 robots. There is currently software in place which tracks the robot's location and direction, and very simple software that somewhat allows the robots to move to given locations (X-Y coordinates).

I should notify that the robots are cylindrical, and can rotate 360 degrees in any direction.

The goal of the project is to have the robots move to X-Y locations provided by me. The robots are to avoid objects on the floor, and move around them. Another plus would be to not have the robots hit each other, so they have to account for each others pathing.

Here is where my questions come:

1. I want to mesh the floor, and locate all floor that is ""Drivable"" and ""Obstacle"". The floor will be screenshotted from above, and can be considered 2D. What software or libraries are publicly available to me that could make it possible to do this for me? Perhaps some machine learning models pretrained or that I have to train? Please let me know what you can come up with.
2. When the floor is meshed, what algorithms can any of you recommend to me to create the pathing? Preferably also keeping in account the other robot's path. I was personally considering using Dijkstra's algorithm by putting nodes all over the ""Drivable"" mesh, somehow. Please let me know what comes to your mind.

I'm looking forward to your guys' ideas and tips for my problems.",2D Meshing and pathfinding,1.0,1.0
68,learnpython,2021-09-02,0.0,2.0,"I was looking at pandas and csv modules to print a data set I pull from an api to csv.

Whats the best way to do this?",Beat strategy to print a JSON data set to csv?,2.0,0.76
69,learnpython,2021-09-02,0.0,2.0," 

win = False  
board = \['.','.','.','.','.','.','.','.','.'\]  
def check():  
    skip = False  
 for i in range(8):  
 if board\[i\] == ""."":  
            skip = True  
 break  
 while skip == False:  
   if (board\[0\] == board\[1\] and board\[0\] == board\[2\]):  
            win = True   
print(board\[0\])  
elif (board\[3\] == board\[4\] and board\[3\] == board\[5\]):  
            win = True   
print(board\[3\])  
elif (board\[6\] == board\[7\] and board\[6\] == board\[8\]):  
            win = True   
print(board\[6\])  
elif (board\[0\] == board\[3\] and board\[0\] == board\[6\]):  
            win = True   
print(board\[0\])  
elif (board\[1\] == board\[4\] and board\[1\] == board\[7\]):  
            win = True   
print(board\[1\])  
elif (board\[2\] == board\[5\] and board\[2\] == board\[8\]):  
            win = True   
print(board\[2\])  
   
elif (board\[0\] == board\[4\] and board\[0\] == board\[8\]):  
            win =  True   
print(board\[0\])  
elif (board\[2\] == board\[4\] and board\[2\] == board\[6\]):  
            win = True   
print(board\[2\])  


def display():  
print(board\[0\],board\[1\],board\[2\])  
print(board\[3\],board\[4\],board\[5\])  
print(board\[6\],board\[7\],board\[8\])  
X\_move = "" ""  
O\_move = "" ""  
while win == False:  
    X\_move = int(input(""Player X turn: ""))  
    board\[X\_move\] = ""X""  
    display()  
    O\_move = int(input(""Player O turn: ""))  
    board\[O\_move\] = ""O""  
    display()  
    check()  
print(win)","Hey y'all.. I tried to learn python from youtube over the last month.. (also learnt some c++ in school) and I tried to code TicTacToe.. I don't understand why it never exits the last while loop.. even though the check fxn is called.. (Sorry if the code is dumb, I came up with it on my own)",2.0,0.76
70,learnpython,2021-09-02,0.0,1.0,"Hi, thank you in advance for reading and helping me. 

I’m having trouble finding the file name and I’ve spent a considerable amount of time on it and come to no avail. Can someone possibly look over my code, help me find it and show me how? Again, thank you for your help. 

https://databricks-prod-cloudfront.cloud.databricks.com/public/4027ec902e239c93eaaa8714f173bcfc/235573376291643/1646417495630523/8722428900271400/latest.html

My code and error is at the bottom.",Finding file name,1.0,0.99
71,learnpython,2021-09-02,0.0,1.0,"Ok so I am using this variable ""k"" on multiple functions on my code (around 20). How do I make so that it understands that k inside every function is the same as the ""k"" I calculate in the beginning of the code? I just don't want to add a thousand ""..., k)"" for every single function I define or use on the code, and I feel like there is an easy way around this.",How to make a variable an intrinsic parameter of multiple functions?,1.0,1.0
72,learnpython,2021-09-02,0.0,1.0,"First, it's late for me, so I apologize if I'm not quite clear. I'll try my best though

Right now I'm attempting to find a matching key-value pair that is passed into a dictionary. Each command is passed in via `sys.stdin().` I have confirmed I'm parsing it correctly :)

My current code:

    import sys
    import json
    
    def add(data, input_string):
    
        temp_dict = json.loads(input_string)
        data.append(temp_dict)
              
    def get(data, input_string, listFlag):
        
        search = json.loads(input_string)
        # MAGIC STUFF HAPPENS HERE!
            
    data = []
    
    for line in sys.stdin:
    
        #Remove blank characters
        line = line.strip()
        command, json_input = line.split(maxsplit = 1)
        
        #Search to see if it's a list
        if line.find(""list"") != -1:
            listFlag = True
        
        if command == 'add':
            add(data, json_input, listFlag)
            
        elif command == 'get':
            get(data, json_input, listFlag)
    
        

Now if we input the following code:

    add {""id"":1,""last"":""Nito"",""first"":""Lord"",""location"":{""city"":""No Where"",""state"":""OH"",""postalCode"":""11111""},""active"":true} 
    
    add {""id"":2,""last"":""Doe"",""first"":""Jane"",""location"":{""city"":""Over There"",""state"":""ID"",""postalCode"":""54321""},""active"":true} 
    
    add {""id"":3,""last"":""Shoemaker"",""first"":""Jim"",""location"":{""city"":""Copper"",""state"":""AB"",""postalCode"":""77208""},""active"":true}
    
    get {""location"":{""state"":""ID""},""active"":true}
    get {""id"":1}

We should get as an output:

    {""id"":2,""last"":""Doe"",""first"":""Jane"",""location"":{""city"":""Over There"",""state"":""ID"",""postalCode"":""54321""},""active"":true}
    
    add {""id"":1,""last"":""Nito"",""first"":""Lord"",""location"":{""city"":""No Where"",""state"":""OH"",""postalCode"":""11111""},""active"":true} 

I'm completely lost how to iterate through a list that contains dictionaries, and find the correct corresponding key-pair value.  I'm even more lost if there is two dictionary values that need to be met

If someone has some input, I'd truly and greatly appreciate it",Needing Help To Find Matching Key-Value Pairs in a List of Dictionaries,1.0,1.0
73,learnpython,2021-09-02,0.0,0.0,"Forgive me if my formatting or variables names are terrible, I'm mostly internet taught by different sources. As the title suggests I can't get the messagebox to pop up on the screen after the user clicks on their choice of button and inputs their gross pay in the console. you have to click on the icon on the taskbar to read it. Using python 3.9 in pyCharm community edition. Any help is appreciated.

    from tkinter import *
    from tkinter import messagebox
    from tkinter.ttk import *
    import time
    
    
    def single_filer_msg():
        print(""let's find out how much the government has stolen from you."")
        time.sleep(1.5)
        print(""What is your gross pay?"")
        response = int(input())
        if response &lt;= 6000:
            rate = response * .1
        elif 6001 &lt;= response &lt;= 27950:
            rate = response * .15
        elif 27951 &lt;= response &lt;= 67700:
            rate = response * .27
        elif 67701 &lt;= response &lt;= 141250:
            rate = response * .30
        elif 141251 &lt;= response &lt;= 307050:
            rate = response * .386
        after_tax = response - rate
        messagebox.showinfo('Message', 'Your after tax income is' + "" "" + ""$"" + str(after_tax) + ""0"")
        # ^ Defines an action to be taken when the button is pressed
    
    
    def married_filing_jointly_msg():
        print(""let's find out how much the government has stolen from you."")
        time.sleep(1.5)
        print(""What is your gross pay?"")
        response = int(input())
        if response &lt;= 12000:
            rate = response * .1
        elif 12001 &lt;= response &lt;= 46700:
            rate = response * .15
        elif 46701 &lt;= response &lt;= 112850:
            rate = response * .27
        elif 112851 &lt;= response &lt;= 171950:
            rate = response * .30
        elif 171951 &lt;= response &lt;= 307050:
            rate = response * .35
        else:
            rate = response * .386
        after_tax = response - rate
        messagebox.showinfo('Message', 'Your after tax income is' + "" "" + ""$"" + str(after_tax) + ""0"")
        # ^ Defines an action to be taken when the button is pressed
    
    
    def married_filing_separately_msg():
        print(""let's find out how much the government has stolen from you."")
        time.sleep(1.5)
        print(""What is your gross pay?"")
        response = int(input())
        if response &lt;= 6000:
            rate = response * .1
        elif 6001 &lt;= response &lt;= 23350:
            rate = response * .15
        elif 23351 &lt;= response &lt;= 56425:
            rate = response * .27
        elif 56426 &lt;= response &lt;= 85975:
            rate = response * .30
        elif 85976 &lt;= response &lt;= 153525:
            rate = response * .35
        else:
            rate = response * .386
        after_tax = response - rate
        messagebox.showinfo('Message', 'Your after tax income is' + "" "" + ""$"" + str(after_tax) + ""0"")
        # ^ Defines an action to be taken when the button is pressed
    
    
    def head_of_household_msg():
        print(""let's find out how much the government has stolen from you."")
        time.sleep(1.5)
        print(""What is your gross pay?"")
        response = int(input())
        if response &lt;= 10000:
            rate = response * .1
        elif 10001 &lt;= response &lt;= 37450:
            rate = response * .15
        elif 37451 &lt;= response &lt;= 96700:
            rate = response * .27
        elif 96701 &lt;= response &lt;= 156600:
            rate = response * .30
        elif 156601 &lt;= response &lt;= 307050:
            rate = response * .35
        else:
            rate = response * .386
        after_tax = response - rate
        messagebox.showinfo(""Message"", ""Your after tax income is"" + "" "" + ""$"" + str(after_tax) + ""0"")
        # ^ Defines an action to be taken when the button is pressed
    
    
    window = Tk()   # Creates a window
    style = Style()
    style.configure('W.TButton', font='calibri')
    
    
    window.geometry(""500x220"")   # Sets size of window
    window.title(""Tax Machine"")   # Sets title for border of box
    
    filing_status = Label(window, text=""Filing Status"")   # Creates a label
    single_filer = Button(window, text=""Single Filer"",
                          style='W.TButton', command=single_filer_msg)
    # Creates a button and performs an action when pressed
    
    married_filing_jointly = Button(window, text=""Married Filing Jointly or Qualifying Widow/Widower"",
                                    style='W.TButton', command=married_filing_jointly_msg)
    # Creates a button and performs an action
    
    married_filing_separately = Button(window, text=""Married Filing Separately"",
                                       style='W.TButton',  command=married_filing_separately_msg)
    # Creates a button and performs an action
    
    Head_Of_Household = Button(window, text=""Head of Household"",
                               style='W.TButton', command=head_of_household_msg)   # Creates a button and performs an action
    
    filing_status.pack()   # Displays the label in the window
    single_filer.place(x=205, y=30)   # Displays the button in the window at the specified coordinates
    married_filing_jointly.place(x=90, y=75)   # Displays the button in the window at the specified coordinates
    married_filing_separately.place(x=170, y=120)   # Displays the button in the window at the specified coordinates
    Head_Of_Household.place(x=185, y=165)  # Displays the button in the window at the specified coordinates
    window.mainloop()  # Creates an event loop","MessageBox only popping up on taskbar, not on screen after each button press",0.0,0.5
74,learnpython,2021-09-02,0.0,0.0,"Take for example: 

    
@app.route(""/"", methods=[""GET""])

I just learned about decorators and nothing about dot notation or anything following it was mentioned.. so what is that `.route`

Is that another method? Also what is this particular syntax called ? Any references would be appreciated!",What is this after the decorator name?,0.0,0.5
75,learnpython,2021-09-02,0.0,0.0,"Hey Guys ! I just wanted to ask you all that what is the problem faced by you all that can be solved by creating an app or a program. I was free and thought about asking you all, so that it can give an idea for creating my next project that can be useful to all.🙂🙂😎😎💻💻🖥",What is the problem that you face and can be solved by creating an app or script or program.,0.0,0.5
76,learnpython,2021-09-02,0.0,0.0,"Hello!  I've been wracking my brain against this web scraping problem from ATBS, and I think I'm finally at the place where I need some help.

**Project Goal**:

Program goes to imgur, searches for a given category, and downloads all resulting images (for the purposes of practicality, I've limited this to 10).  The chapter this problem is in is on web scraping and it teaches Beautiful Soup fundamentals, as well as Selenium.

**What my program isn't doing that it should be**

My program goes through and downloads 10 files, making the jump to each new file correctly.  However, it doesn't download the file in an openable way.  It downloads it without a file extension and windows can't open the program.  See here:  [https://imgur.com/ATar3oJ](https://imgur.com/ATar3oJ)

**Code**:

    # Program goes to Imgur, searches for a category,
    # and then downloads all resulting images
    
    import webbrowser, os, requests, bs4
    from selenium import webdriver
    
    browser = webdriver.Chrome('D:\Python39\MyPythonScripts\chromedriver.exe')
    
    os.makedirs(""imgurFiles"", exist_ok=True)
    
    searchPhrase = ""Python""
    res = requests.get(""http://imgur.com/search?q="" + searchPhrase) # Search results page for the search phrase
    res.raise_for_status()
    soup = bs4.BeautifulSoup(res.text, 'html.parser')
    
    # Get to the first image's page
    allUrls = soup.select('.image-list-link')
    url = ""http://imgur.com"" + allUrls[0].get('href') # Goes to the first search result's page
    
    for x in range(10): # Grab the first 50 search results
    
        res = requests.get(url)
        res.raise_for_status()
        soup = bs4.BeautifulSoup(res.text, 'html.parser')
        
        imageUrl = ""http://imgur.com/"" + url[-7:] + "".jpg"" # Get the image source file and read it into res
        res = requests.get(imageUrl)
        res.raise_for_status()
        
        # Download image file
        print(""Downloading image %s..."" % url[-7:])
        imageFile = open(os.path.join('imgurFiles', os.path.basename(url[-7:])), 'wb')
        for chunk in res.iter_content(100000):  # Save the file to the hard drive
            imageFile.write(chunk)
        imageFile.close()
        print(""File %s downloaded!"" % url[-7:])
        
        # Get to the next page
        browser.get(url) # Uses Selenium to find the url associated with the ""next"" button
        nextUrlElem = browser.find_element_by_css_selector('#root &gt; div &gt; div.desktop-app.App &gt; div.GalleryPage &gt; div.Spinner-contentWrapper &gt; div &gt; div.Gallery-MainContainer &gt; div.Gallery-contentWrapper &gt; div &gt; div.Gallery-Content &gt; div.Gallery-Header &gt; div.Gallery-Title &gt; div &gt; div &gt; div &gt; a.Navigation.Navigation-next')
        url = nextUrlElem.get_attribute('href')
    

**What I've Tried**:

I've messed around a lot with Selenium, and I can't seem to get it to find the element of the image's page that has the source code in it, so I'm not sure that's the solution either.  I'm not sure why my imageUrl variable doesn't correspond to a file that works, and I'm not really sure what to search or look at to find out the answer.

Any help would be appreciated, this is annoying me, hah.","Help requested: Imgur Site Downloader - Automate the Boring Stuff, Chapter 12 Problem",0.0,0.5
77,learnpython,2021-09-01,0.0,5.0,I am pretty new to python and I have heard some people on youtube say that you should not use the Global in functions and some people say it is fine. I was just wondering why I should not use it.,Should I use Global in functions?,5.0,0.86
78,learnpython,2021-09-02,0.0,1.0,"(I am sorry, my english can be bad)

I've been learning Python and here is a question I got for a practice; Write a program to find out whether a given post is talking about ""Harry"" or not. 

The question also gave me the words that I had to detect i.e. (""harry"", ""Harry"", ""HaRRy"", ""haRRy"")

Now when I wrote the program, it's gave me an error

Can you folks help me out with this?

Here is the code:

name = \[""harry"", ""Harry"", ""HaRRy"", ""haRRy""\]  
post = input (""Write and upload the post....\\n"")  
if name in post:  
 print(""This post is talking about Harry."")  
else:  
 print(""This is a normal post."")

&amp;#x200B;

Output:

 if name in post:

TypeError: 'in &lt;string&gt;' requires string as left operand, not list",I need help.,1.0,1.0
79,learnpython,2021-09-02,0.0,1.0,"I've never had a proper project like I want to make right now. Backend is in Python, connects to a local database, and connects to the internet. Frontend will be made using Flutter, and interact exclusively (workflow thing not security) through using the backend. Apparently GraphQL is an API that can help things along, especially when using a setup like this. Now my question is about how exactly would this work? Would I use a GraphQL libraries on both the Flutter based frontend and the Python based backend to form a standard of communication and then send it via websockets?

&amp;#x200B;

**Database**, **Internet** &lt;-&gt; Backend (**Python**) &lt;**Graphene** listening on its socket and replying on **Ferry**'s socket&gt; &lt;**Ferry** listening on its socket and replying on **Graphene**'s socket&gt; Frontend (**Flutter**)

Does that seem right?",I need help with making sure I fully understand how to connect both the backend and frontend for my use case,1.0,1.0
80,learnpython,2021-09-02,0.0,1.0," How do I get two lists through input for a function from the user ? 

    def x (a , b):
        Command

**\*\*\* a and b should be taken as a list from the user \*\*\***

**first : The lengths a and b are equal**

**second : The lengths a and b are not equal**",How do I get two lists through input for a function from the user ?,1.0,1.0
81,learnpython,2021-09-02,0.0,1.0,"Per python doc, \`set.issubset(other)\` and \`set.\_\_le\_\_\` are equivalent \[[1](https://docs.python.org/3.7/library/stdtypes.html#frozenset.issubset)\], so if I override one of them, do I have to override the other? If so, which one should I override: \`issubset\` or \`\_\_le\_\_\`? What is best practice?

In general, if \`MyClass\` inherits from \`Class\` and \`Class\` has a named method, \`foo\` that is equivalent to an operator, is it enough to override just the named method? Or just the operator method? Can I override either without overriding the other?","If I'm subclassing set and overriding `issubset(other)`, do I also have to override `__le__`?",1.0,1.0
82,learnpython,2021-09-02,0.0,2.0,"Hello,

&amp;#x200B;

I'm trying to input some of my variables into an API request for servicenow. My issue is that the way the body of the request is formed I cannot escape the quotation marks and the request doen't take the data within my variables.

Here is what I'm working with and how it fails:

    snow_url = 'https://service-now.com/api/now/table/incident'
    user = 'admin0'
    pwd = 'admin1'
    headers = {""Content-Type"":""application/json"",""Accept"":""application/json""}
    snow_response = requests.post(snow_url, auth=(user, pwd), headers=headers ,data=""{\""short_description\"":\""Renewal for software_name\"",\""assignment_group\"":\""923ry923hop1iue9q-wur1q\"",\""due_date\"":\""Expire_date\"",\""description\"":\""Alert_message\""}"")
    if snow_response.status_code != 200:
    print('Status:', snow_response.status_code, 'Headers:', snow_response.headers, 'Error Response:',snow_response.json())
    exit()
    data = snow_response.json()
    print(data)

My issue begins here:

software\_name = ""Something expensive""

Expire\_date = ""2021-09-02""

Alert\_message = ""Something""

    snow_response = requests.post(snow_url, auth=(user, pwd), headers=headers ,data=""{\""short_description\"":\""Renewal for software_name\"",\""assignment_group\"":\""923ry923hop1iue9q-wur1q\"",\""due_date\"":\""Expire_date\"",\""description\"":\""Alert_message\""}"")

No matter how I try to escape the quotations I cannot actually get the variable to print in the json.

Can somebody tell me what I'm doing wrong?

Thank you!",Help with adding variable in request body,2.0,1.0
83,learnpython,2021-09-02,0.0,2.0,"In order to make things clearer, let's say I have project A. Project A requires PyTorch version X. Now I want to use PyTorch version Y. PyTorch version Y is newer than version X. How do I test that project A still works with PyTorch version Y without running the project? And project I mean github repos which are published by AI/ML researchers.

A little background about me: I mostly use Python 3 for deep learning, machine learning with Tensorflow, PyTorch, Conda....",How do I check if a project's code is still compatible with a certain version of a package?,2.0,1.0
84,learnpython,2021-09-02,0.0,4.0,"so basically im trying to make a program which does 3 things

1.login me into my uni web portal

2.send morning to my friend on discord(web)

3.sending a message(picture) to a friend on whatsapp

i want to add more features in the furture but im stuck i have been able to achieve the login part but im failing to achieve the other 2.  


im using selenium.",need help in automating my online learning (selenium),4.0,1.0
85,learnpython,2021-09-02,0.0,1.0,"How do I get a variable from ClassA to ClassB?
Example:

    ClassA():
        def func():
            Var = '1'

    ClassB():
        def func2():
            #I need the variable here

Any suggestions appreciated!
Python 3.9
Pycharm",How to get var from other class?,1.0,1.0
86,learnpython,2021-09-02,0.0,1.0," 

Hello,

Currently I am working on a project where 2 robots are placed on a floor, a master is communicating with the nodes, and the master is communicating with a PC. The PC is connected to a webcam which looks over the 2 robots. There is currently software in place which tracks the robot's location and direction, and very simple software that somewhat allows the robots to move to given locations (X-Y coordinates).

I should notify that the robots are cylindrical, and can rotate 360 degrees in any direction.

The goal of the project is to have the robots move to X-Y locations provided by me. The robots are to avoid objects on the floor, and move around them. Another plus would be to not have the robots hit each other, so they have to account for each others pathing.

Here is where my questions come:

1. I want to mesh the floor, and locate all floor that is ""Drivable"" and ""Obstacle"". The floor will be screenshotted from above, and can be considered 2D. What software or libraries are publicly available to me that could make it possible to do this for me? Perhaps some machine learning models pretrained or that I have to train? Please let me know what you can come up with.
2. When the floor is meshed, what algorithms can any of you recommend to me to create the pathing? Preferably also keeping in account the other robot's path. I was personally considering using Dijkstra's algorithm by putting nodes all over the ""Drivable"" mesh, somehow. Please let me know what comes to your mind.

I'm looking forward to your guys' ideas and tips for my problems.",2D Meshing and pathfinding,1.0,1.0
87,learnpython,2021-09-02,0.0,8.0,"I want to multiply two lists by a point without using NumPy.

I did this with while, which I think is right.

    a = [1,2,3]
    b = [4,5,6]
    x = []
    i = 0
    while i &lt; len(a):
        x.append(a[i] * b[i])
        i += 1
    print(x)

Output :  \[4, 10, 18\]

&amp;#x200B;

**But with for?**",I want to multiply two lists by a point without using NumPy,8.0,1.0
88,learnpython,2021-09-02,0.0,1.0,"Hi, thank you in advance for reading and helping me. 

I’m having trouble finding the file name and I’ve spent a considerable amount of time on it and come to no avail. Can someone possibly look over my code, help me find it and show me how? Again, thank you for your help. 

https://databricks-prod-cloudfront.cloud.databricks.com/public/4027ec902e239c93eaaa8714f173bcfc/235573376291643/1646417495630523/8722428900271400/latest.html

My code and error is at the bottom.",Finding file name,1.0,0.99
89,learnpython,2021-09-02,0.0,2.0,"Hi, how to add to numbers in string?
Which method should I use?",Question about string,2.0,0.67
90,learnpython,2021-09-02,0.0,1.0,"Ok so I am using this variable ""k"" on multiple functions on my code (around 20). How do I make so that it understands that k inside every function is the same as the ""k"" I calculate in the beginning of the code? I just don't want to add a thousand ""..., k)"" for every single function I define or use on the code, and I feel like there is an easy way around this.",How to make a variable an intrinsic parameter of multiple functions?,1.0,1.0
91,learnpython,2021-09-02,0.0,1.0,"First, it's late for me, so I apologize if I'm not quite clear. I'll try my best though

Right now I'm attempting to find a matching key-value pair that is passed into a dictionary. Each command is passed in via `sys.stdin().` I have confirmed I'm parsing it correctly :)

My current code:

    import sys
    import json
    
    def add(data, input_string):
    
        temp_dict = json.loads(input_string)
        data.append(temp_dict)
              
    def get(data, input_string, listFlag):
        
        search = json.loads(input_string)
        # MAGIC STUFF HAPPENS HERE!
            
    data = []
    
    for line in sys.stdin:
    
        #Remove blank characters
        line = line.strip()
        command, json_input = line.split(maxsplit = 1)
        
        #Search to see if it's a list
        if line.find(""list"") != -1:
            listFlag = True
        
        if command == 'add':
            add(data, json_input, listFlag)
            
        elif command == 'get':
            get(data, json_input, listFlag)
    
        

Now if we input the following code:

    add {""id"":1,""last"":""Nito"",""first"":""Lord"",""location"":{""city"":""No Where"",""state"":""OH"",""postalCode"":""11111""},""active"":true} 
    
    add {""id"":2,""last"":""Doe"",""first"":""Jane"",""location"":{""city"":""Over There"",""state"":""ID"",""postalCode"":""54321""},""active"":true} 
    
    add {""id"":3,""last"":""Shoemaker"",""first"":""Jim"",""location"":{""city"":""Copper"",""state"":""AB"",""postalCode"":""77208""},""active"":true}
    
    get {""location"":{""state"":""ID""},""active"":true}
    get {""id"":1}

We should get as an output:

    {""id"":2,""last"":""Doe"",""first"":""Jane"",""location"":{""city"":""Over There"",""state"":""ID"",""postalCode"":""54321""},""active"":true}
    
    add {""id"":1,""last"":""Nito"",""first"":""Lord"",""location"":{""city"":""No Where"",""state"":""OH"",""postalCode"":""11111""},""active"":true} 

I'm completely lost how to iterate through a list that contains dictionaries, and find the correct corresponding key-pair value.  I'm even more lost if there is two dictionary values that need to be met

If someone has some input, I'd truly and greatly appreciate it",Needing Help To Find Matching Key-Value Pairs in a List of Dictionaries,1.0,1.0
92,learnpython,2021-09-02,0.0,0.0,"Forgive me if my formatting or variables names are terrible, I'm mostly internet taught by different sources. As the title suggests I can't get the messagebox to pop up on the screen after the user clicks on their choice of button and inputs their gross pay in the console. you have to click on the icon on the taskbar to read it. Using python 3.9 in pyCharm community edition. Any help is appreciated.

    from tkinter import *
    from tkinter import messagebox
    from tkinter.ttk import *
    import time
    
    
    def single_filer_msg():
        print(""let's find out how much the government has stolen from you."")
        time.sleep(1.5)
        print(""What is your gross pay?"")
        response = int(input())
        if response &lt;= 6000:
            rate = response * .1
        elif 6001 &lt;= response &lt;= 27950:
            rate = response * .15
        elif 27951 &lt;= response &lt;= 67700:
            rate = response * .27
        elif 67701 &lt;= response &lt;= 141250:
            rate = response * .30
        elif 141251 &lt;= response &lt;= 307050:
            rate = response * .386
        after_tax = response - rate
        messagebox.showinfo('Message', 'Your after tax income is' + "" "" + ""$"" + str(after_tax) + ""0"")
        # ^ Defines an action to be taken when the button is pressed
    
    
    def married_filing_jointly_msg():
        print(""let's find out how much the government has stolen from you."")
        time.sleep(1.5)
        print(""What is your gross pay?"")
        response = int(input())
        if response &lt;= 12000:
            rate = response * .1
        elif 12001 &lt;= response &lt;= 46700:
            rate = response * .15
        elif 46701 &lt;= response &lt;= 112850:
            rate = response * .27
        elif 112851 &lt;= response &lt;= 171950:
            rate = response * .30
        elif 171951 &lt;= response &lt;= 307050:
            rate = response * .35
        else:
            rate = response * .386
        after_tax = response - rate
        messagebox.showinfo('Message', 'Your after tax income is' + "" "" + ""$"" + str(after_tax) + ""0"")
        # ^ Defines an action to be taken when the button is pressed
    
    
    def married_filing_separately_msg():
        print(""let's find out how much the government has stolen from you."")
        time.sleep(1.5)
        print(""What is your gross pay?"")
        response = int(input())
        if response &lt;= 6000:
            rate = response * .1
        elif 6001 &lt;= response &lt;= 23350:
            rate = response * .15
        elif 23351 &lt;= response &lt;= 56425:
            rate = response * .27
        elif 56426 &lt;= response &lt;= 85975:
            rate = response * .30
        elif 85976 &lt;= response &lt;= 153525:
            rate = response * .35
        else:
            rate = response * .386
        after_tax = response - rate
        messagebox.showinfo('Message', 'Your after tax income is' + "" "" + ""$"" + str(after_tax) + ""0"")
        # ^ Defines an action to be taken when the button is pressed
    
    
    def head_of_household_msg():
        print(""let's find out how much the government has stolen from you."")
        time.sleep(1.5)
        print(""What is your gross pay?"")
        response = int(input())
        if response &lt;= 10000:
            rate = response * .1
        elif 10001 &lt;= response &lt;= 37450:
            rate = response * .15
        elif 37451 &lt;= response &lt;= 96700:
            rate = response * .27
        elif 96701 &lt;= response &lt;= 156600:
            rate = response * .30
        elif 156601 &lt;= response &lt;= 307050:
            rate = response * .35
        else:
            rate = response * .386
        after_tax = response - rate
        messagebox.showinfo(""Message"", ""Your after tax income is"" + "" "" + ""$"" + str(after_tax) + ""0"")
        # ^ Defines an action to be taken when the button is pressed
    
    
    window = Tk()   # Creates a window
    style = Style()
    style.configure('W.TButton', font='calibri')
    
    
    window.geometry(""500x220"")   # Sets size of window
    window.title(""Tax Machine"")   # Sets title for border of box
    
    filing_status = Label(window, text=""Filing Status"")   # Creates a label
    single_filer = Button(window, text=""Single Filer"",
                          style='W.TButton', command=single_filer_msg)
    # Creates a button and performs an action when pressed
    
    married_filing_jointly = Button(window, text=""Married Filing Jointly or Qualifying Widow/Widower"",
                                    style='W.TButton', command=married_filing_jointly_msg)
    # Creates a button and performs an action
    
    married_filing_separately = Button(window, text=""Married Filing Separately"",
                                       style='W.TButton',  command=married_filing_separately_msg)
    # Creates a button and performs an action
    
    Head_Of_Household = Button(window, text=""Head of Household"",
                               style='W.TButton', command=head_of_household_msg)   # Creates a button and performs an action
    
    filing_status.pack()   # Displays the label in the window
    single_filer.place(x=205, y=30)   # Displays the button in the window at the specified coordinates
    married_filing_jointly.place(x=90, y=75)   # Displays the button in the window at the specified coordinates
    married_filing_separately.place(x=170, y=120)   # Displays the button in the window at the specified coordinates
    Head_Of_Household.place(x=185, y=165)  # Displays the button in the window at the specified coordinates
    window.mainloop()  # Creates an event loop","MessageBox only popping up on taskbar, not on screen after each button press",0.0,0.5
93,learnpython,2021-09-02,0.0,0.0,"Take for example: 

    
@app.route(""/"", methods=[""GET""])

I just learned about decorators and nothing about dot notation or anything following it was mentioned.. so what is that `.route`

Is that another method? Also what is this particular syntax called ? Any references would be appreciated!",What is this after the decorator name?,0.0,0.5
94,learnpython,2021-09-02,0.0,0.0,"Hey Guys ! I just wanted to ask you all that what is the problem faced by you all that can be solved by creating an app or a program. I was free and thought about asking you all, so that it can give an idea for creating my next project that can be useful to all.🙂🙂😎😎💻💻🖥",What is the problem that you face and can be solved by creating an app or script or program.,0.0,0.5
95,learnpython,2021-09-02,0.0,0.0,"Hello!  I've been wracking my brain against this web scraping problem from ATBS, and I think I'm finally at the place where I need some help.

**Project Goal**:

Program goes to imgur, searches for a given category, and downloads all resulting images (for the purposes of practicality, I've limited this to 10).  The chapter this problem is in is on web scraping and it teaches Beautiful Soup fundamentals, as well as Selenium.

**What my program isn't doing that it should be**

My program goes through and downloads 10 files, making the jump to each new file correctly.  However, it doesn't download the file in an openable way.  It downloads it without a file extension and windows can't open the program.  See here:  [https://imgur.com/ATar3oJ](https://imgur.com/ATar3oJ)

**Code**:

    # Program goes to Imgur, searches for a category,
    # and then downloads all resulting images
    
    import webbrowser, os, requests, bs4
    from selenium import webdriver
    
    browser = webdriver.Chrome('D:\Python39\MyPythonScripts\chromedriver.exe')
    
    os.makedirs(""imgurFiles"", exist_ok=True)
    
    searchPhrase = ""Python""
    res = requests.get(""http://imgur.com/search?q="" + searchPhrase) # Search results page for the search phrase
    res.raise_for_status()
    soup = bs4.BeautifulSoup(res.text, 'html.parser')
    
    # Get to the first image's page
    allUrls = soup.select('.image-list-link')
    url = ""http://imgur.com"" + allUrls[0].get('href') # Goes to the first search result's page
    
    for x in range(10): # Grab the first 50 search results
    
        res = requests.get(url)
        res.raise_for_status()
        soup = bs4.BeautifulSoup(res.text, 'html.parser')
        
        imageUrl = ""http://imgur.com/"" + url[-7:] + "".jpg"" # Get the image source file and read it into res
        res = requests.get(imageUrl)
        res.raise_for_status()
        
        # Download image file
        print(""Downloading image %s..."" % url[-7:])
        imageFile = open(os.path.join('imgurFiles', os.path.basename(url[-7:])), 'wb')
        for chunk in res.iter_content(100000):  # Save the file to the hard drive
            imageFile.write(chunk)
        imageFile.close()
        print(""File %s downloaded!"" % url[-7:])
        
        # Get to the next page
        browser.get(url) # Uses Selenium to find the url associated with the ""next"" button
        nextUrlElem = browser.find_element_by_css_selector('#root &gt; div &gt; div.desktop-app.App &gt; div.GalleryPage &gt; div.Spinner-contentWrapper &gt; div &gt; div.Gallery-MainContainer &gt; div.Gallery-contentWrapper &gt; div &gt; div.Gallery-Content &gt; div.Gallery-Header &gt; div.Gallery-Title &gt; div &gt; div &gt; div &gt; a.Navigation.Navigation-next')
        url = nextUrlElem.get_attribute('href')
    

**What I've Tried**:

I've messed around a lot with Selenium, and I can't seem to get it to find the element of the image's page that has the source code in it, so I'm not sure that's the solution either.  I'm not sure why my imageUrl variable doesn't correspond to a file that works, and I'm not really sure what to search or look at to find out the answer.

Any help would be appreciated, this is annoying me, hah.","Help requested: Imgur Site Downloader - Automate the Boring Stuff, Chapter 12 Problem",0.0,0.5
96,learnpython,2021-09-02,0.0,1.0,"&amp;#x200B;

||A|3|
|:-|:-|:-|
||A|3|
||B|1|
||A|3|

I want to count a value in a column.

I trie

groupby (size) and tried merging it with the original one but it is not merging.

Is there any solution?

Thank you.",How do count the frequency of a value in a column?,1.0,1.0
97,learnpython,2021-09-02,0.0,1.0,"I have never done this in python before but I'm pretty sure I could turn the retrieved JSON into a dictionary, but what is the best practice to convert the retrieved JSON into a class with its properties being items from the JSON. 

So for example 

    {
        ""name"":""Harry"",
        ""job"":""Mechanic""
    }

would yield 

    class Person:
        def __init__(self, name, job):
            self.name = name
            self.job = job

Also is there an easier way to do this.. something like a factory constructor.. ?",How to turn JSON into objects in python?,1.0,1.0
98,learnpython,2021-09-02,0.0,1.0,"Hi there, I am hoping to get some help with organising my data.

I started with a list of dictionaries that contain users and their products owned. Some users have more than 1 product owned. I'd like to form the data in an organised manner which shows each row based on the product. For example

Starting data is a list :-    

     { 'Name': 'User1',  
        'Product' : [ {'ProdType' : 'AAAA'},  
                             {'ProdType' : 'BBBB'}]
     },
     { 'Name': 'User2',  
        'Product' : [ {'ProdType' : 'BBBB'},  
                             {'ProdType' : 'CCCC'}]
     },
     { 'Name': 'User3',  
        'Product' : [ {'ProdType' : 'AAAA'}]
     }
     { 'Name': 'User4',  
        'Product' : [ {'ProdType' : 'AAAA'},  
                             {'ProdType' : 'CCCC'}]
     }

Output desired :-  
User1 | AAAA  
User1 | BBBB  
User2 | BBBB  
User2 | CCCC  
User3 | AAAA  
User4 | AAAA  
User4 | CCCC 

Edit: Did not specify the desired output properly. I need to get this output in a format that is accessible such as a pandas dataframe.",How to handle multidimension lists and dictionaries,1.0,1.0
99,learnpython,2021-09-02,0.0,1.0,"I’m using this app “Mimo” to learn the basic concepts of python, and I noticed their examples look like this:

status = “Playing football”
print(status)

Shouldn’t it be:

status = (“Playing football”)
print(status)",Do we always need ( ) when setting values to variables?,1.0,1.0
100,learnpython,2021-09-02,0.0,5.0,I’ve been wanting to get a little more experience with coding and I found a great opportunity for my job to help save myself time. I want to make a bot or something to use the list of provided links and check all of those websites for specific words. Hopefully it would then post or screenshot what it finds back into an excel file or something. Any help as to what I should use/do?,Help with web bot,5.0,1.0
101,learnpython,2021-09-02,0.0,3.0,"I was doing a code wars problem and I didn't think that the number 1 solution should work but it does.

Bassically if I write:

    x = '1'
    &gt;&gt;&gt; x[-4:]

This code will return `1`. But how can it start at -4 when it is only 1 character long? This doesn't work for lists?

Thanks in advance",Why does this not get an 'index out of range' error?,3.0,0.72
102,learnpython,2021-09-02,0.0,1.0,"[automatic game play - wordscapes (android) - python bot - YouTube](https://www.youtube.com/watch?v=POvHRKMyilM&amp;ab_channel=AlexandrSarandi)

The bot is shown here. I have all the requirements install already.

* MouseInfo==0.1.3
* numpy==1.21.0
* opencv-python==4.5.2.54
* Pillow==8.3.1
* PyAutoGUI==0.9.53
* PyGetWindow==0.0.9
* PyMsgBox==1.0.9
* pyperclip==1.8.2
* PyRect==0.1.4
* PyScreeze==0.1.27
* pytesseract==0.3.8
* python3-xlib==0.15
* PyTweening==1.0.3

[Here is the GitHub link](https://github.com/asarandi/wordscapes-bot)

And idk how to make it function properly. The following text is the entire code in the script.py file

    #!/usr/bin/env python3
    
    import os
    import sys
    import time
    from collections import Counter
    
    import cv2 as cv
    import numpy as np
    import pyautogui
    import pytesseract
    from PIL import Image
    
    # macOS: set `y_offset' to 45 to compensate for top-menu-bar and window-title-bar
    y_offset = 0
    
    # macOS: set `scale_factor' to 2 for mac-with-retina-display
    scale_factor = 1
    
    # adjust as necessary
    config = {
        ""window_max_size"": 768,
        ""window_height"": 768,
        ""screenshot_region"": (0, 0, 353, 768 + y_offset),
        ""circle_center"": (176, 640 + y_offset),
        ""shuffle_button"": (32, 520 + y_offset),
        ""close_piggybank"": (285, 210 + y_offset),
        ""circle_radius"": 109,
        ""rearranged_box_size"": 64,
        ""rearranged_padding"": 8,
        ""forbid_three_circle"": (44, 44 + 22, 736 + y_offset, 736 + 22 + y_offset),
        ""letter_contour_dim"": (30, 39, 6, 50),
    }
    
    
    def upscale_t(t: tuple) -&gt; tuple:
        return tuple(map(lambda f: f * scale_factor, t))
    
    
    def downscale_t(t: tuple) -&gt; tuple:
        return tuple(map(lambda f: f // scale_factor, t))
    
    
    def scale_i(i: int) -&gt; int:
        return i * scale_factor
    
    
    def circle_contour() -&gt; np.ndarray:
        r = scale_i(11)
        img = np.zeros((r * 4, r * 4, 1), np.uint8)
        img = cv.circle(img, (r * 2, r * 2), r, 255, -1)
        contours, _ = cv.findContours(img, cv.RETR_EXTERNAL, cv.CHAIN_APPROX_SIMPLE)
        return contours[0]
    
    
    def largest_contour(image: np.ndarray) -&gt; np.ndarray:
        contours, _ = cv.findContours(image, cv.RETR_EXTERNAL, cv.CHAIN_APPROX_SIMPLE)
        if len(contours) == 0:
            return None
        res = contours[0]
        _, _, rw, rh = cv.boundingRect(res)
        for cnt in contours:
            _, _, w, h = cv.boundingRect(cnt)
            if w * h &gt; rw * rh:
                res, rw, rh = cnt, w, h
        return res
    
    
    # does bottom left corner have the ""forbid 3"" circle
    def is_forbid_three(img: Image, compare: np.ndarray) -&gt; bool:
        img = cv.cvtColor(np.array(img), cv.COLOR_RGB2GRAY)
        otsu = cv.threshold(img, 127, 255, cv.THRESH_OTSU)[1]
        x0, x1, y0, y1 = upscale_t(config[""forbid_three_circle""])
        sub_image = otsu[y0:y1, x0:x1]
        largest = largest_contour(sub_image)
        if largest is None:
            return False
        score = cv.matchShapes(largest, compare, cv.CONTOURS_MATCH_I1, 0.0)
        print(f""is_forbid_three() score: {score}"")
        return score &lt; 0.06
    
    
    def detect_letters(img: Image) -&gt; (bool, []):
        img = cv.cvtColor(np.array(img), cv.COLOR_RGB2GRAY)
        otsu = cv.threshold(img, 127, 255, cv.THRESH_OTSU)[1]
    
        # cv.imshow(""debug 1"", otsu); cv.waitKey(); print(otsu.shape); sys.exit()
    
        mask = np.zeros(otsu.shape, np.uint8)
        center = upscale_t(config[""circle_center""])
        radius = scale_i(config[""circle_radius""])
        cv.circle(mask, center, radius, 1, -1)
        otsu = cv.bitwise_and(otsu, otsu, mask=mask)
        (px, py), size = center, scale_i(8)
        sample = otsu[py - size : py + size, px - size : px + size]
        if np.count_nonzero(sample) &gt; sample.size // 2:
            otsu = cv.bitwise_not(otsu, otsu, mask=mask)
    
        # cv.imshow(""debug 2"", otsu); cv.waitKey(); sys.exit()
    
        all_contours, _ = cv.findContours(otsu, cv.RETR_EXTERNAL, cv.CHAIN_APPROX_SIMPLE)
        contours = []
        min_h, max_h, min_w, max_w = upscale_t(config[""letter_contour_dim""])
        for cnt in all_contours:
            _, _, w, h = cv.boundingRect(cnt)
            if (min_h &lt;= h &lt;= max_h) and (min_w &lt;= w &lt;= max_w):
                contours.append(cnt)
    
        # expecting puzzle to have 6 or 7 letters
        if len(contours) not in (6, 7):
            return False, []
    
        box_size = scale_i(config[""rearranged_box_size""])
        padding = scale_i(config[""rearranged_padding""])
    
        # enough space for eight letters
        rearranged = np.zeros((box_size, 8 * box_size), np.uint8)
        max_y, py, px = 0, padding, padding
    
        positions = []
        for cnt in contours:
            cx, cy, w, h = cv.boundingRect(cnt)
            positions.append((cx + (w // 2), cy + 2))
    
            # re-arrange letters in a circle into a straight line
            rearranged[py : py + h, px : px + w] = otsu[cy : cy + h, cx : cx + w]
            if py + h &gt; max_y:
                max_y = py + h
            px = px + w + padding
    
        rearranged = cv.bitwise_not(rearranged, rearranged)[: max_y + padding, :px]
    
        # cv.imshow(""debug 3"", rearranged); cv.waitKey(); sys.exit()
    
        tes = pytesseract.image_to_string(rearranged, config=""--psm 13"")
        letters = list(filter(lambda c: c.isupper(), list(tes)))
        if len(letters) != len(positions):
            return False, []
        return True, list(zip(letters, positions))
    
    
    def scrcpy():
        cmd = f""""""  if pgrep -x scrcpy &gt;/dev/null ;
                    then
                        echo 'scrcpy already running'
                    else
                        adb shell 'monkey -p com.peoplefun.wordcross 1'
                        nohup scrcpy \
                        --stay-awake \
                        --turn-screen-off \
                        --always-on-top \
                        --window-borderless \
                        --window-x 0 \
                        --window-y 0 \
                        --max-size {config['window_max_size']} \
                        --window-height {config['window_height']} \
                                                   &gt;/dev/null 2&gt;&amp;1 &amp;
                    fi """"""
        os.system(cmd)
    
    
    def load_words() -&gt; set:
        with open(""words.txt"") as fp:
            res = set(fp.read().split())
            fp.close()
        return res
    
    
    # returns a list of words that can be arranged from scrambled letters
    def match_words(word_list: set, letters: [tuple]) -&gt; [str]:
        ctr = Counter([k[0].lower() for k in letters])
        return list(filter(lambda w: len(Counter(list(w)) - ctr) == 0, word_list))
    
    
    # returns a list of non repeating (x, y) coords
    def build_moves(word: str, positions: [tuple]) -&gt; [tuple]:
        res = []
        for k in list(word.upper()):
            for letter, (px, py) in positions:
                if letter == k and (px, py) not in res:
                    res.append((px, py))
                    break
        return res
    
    
    def click(xy_t: tuple):
        cx, cy = xy_t
        pyautogui.click(cx, cy)
    
    
    if __name__ == ""__main__"":
        scrcpy()
        all_words = load_words()
        circle = circle_contour()
        prev_letters = """"
    
        while True:
            click(config[""circle_center""])
            time.sleep(0.7)
    
            region = upscale_t(config[""screenshot_region""])
            capture = pyautogui.screenshot(region=region).convert(""RGB"")
    
            success, detected = detect_letters(capture)
            if not success:
                click(config[""shuffle_button""])
                click(config[""close_piggybank""])
                continue
    
            letters = """".join([k[0] for k in detected])
            print(f""letters {letters} previous {prev_letters}"")
            if letters == prev_letters:
                click(config[""shuffle_button""])
                continue
            prev_letters = letters
    
            for char in detected:
                print(char)
    
            matches = match_words(all_words, detected)
            if is_forbid_three(capture, circle):
                matches = list(filter(lambda w: len(w) &gt; 3, matches))
    
            # alphabetic sort
            matches = sorted(matches)
            # sort shortest to longest
            matches.sort(key=lambda k: len(k))
    
            for matched_word in matches:
                print(matched_word)
                moves = build_moves(matched_word, detected)
                for index, (x, y) in enumerate(moves):
                    x, y = downscale_t((x, y))
                    print(""\t"", ""move"", index, (x, y))
                    if index == 0:
                        pyautogui.mouseDown(x, y, pyautogui.LEFT)
                    elif index == len(moves) - 1:
                        pyautogui.mouseUp(x, y, pyautogui.LEFT)
                    else:
                        pyautogui.moveTo(x, y, 0.1)
                time.sleep(0.1)
            time.sleep(12)","Ran into issue trying to run a wordscapes bot I found,",1.0,0.6
